fraction,result
0.02,1.0
0.04,1.0
0.06,1.0
0.08,1.0
0.1,1.0
0.12,1.0
0.14,1.0
0.16,1.0
0.18,1.0
0.2,1.0
0.22,1.0
0.24,0.9655172413793104
0.26,0.967741935483871
0.28,0.9117647058823529
0.3,0.8888888888888888
0.32,0.8461538461538461
0.34,0.8048780487804879
0.36,0.7727272727272727
0.38,0.7608695652173914
0.4,0.7142857142857143
0.42,0.7058823529411765
0.44,0.6666666666666666
0.46,0.6607142857142857
0.48,0.6440677966101694
