num,distribution
0.05,0.6646153846153846
0.1 ,0.23692307692307693
0.15,0.09846153846153846
0.2 ,0.015384615384615385
0.25,0.015384615384615385
0.30,0.0
