num,distribution
0.05,0.2845528455284553
0.1 ,0.35772357723577236
0.15,0.23577235772357724
0.2 ,0.07317073170731707
0.25,0.032520325203252036
0.30,0.016260162601626018
